title,runtime,imdb_score,votes
Moana 2,100,6.7,91000
Megalopolis,138,4.7,35000
Barroz: Guardian of Treasures,155,0.0,0
Snatched a Billionaire to Be My Husband,70,0.0,0
Sketch,92,0.0,0
White Snake: Afloat,133,0.0,0
Super-Charlie,80,0.0,0
The Invisibles,111,0.0,0
Else,100,0.0,0
The Keepers of the 5 Kingdoms,109,0.0,0
Balestra,145,0.0,0
Schneewittchen,70,0.0,0
Solo Leveling: ReAwakening,121,8.8,8600
School of Magical Animals 3,105,0.0,0
The Witch: Revenge,100,0.0,0
Nonostante,93,0.0,0
The Sleeping Woman,110,0.0,0
Shrek 5: The Contract - A Fan Made Film,84,0.0,0
The Opera!,106,0.0,0
The Goat,100,0.0,0
A Trip Elsewhere,93,0.0,0
The Slave and the Sorcerer,86,0.0,0
Witch,107,0.0,0
Beetlejuice Beetlejuice,105,6.7,144000
Dongeng Sang Kancil,99,0.0,0
Lesbian Space Princess,87,0.0,0
Orang Ikan,83,0.0,0
The Phantom Warrior,119,0.0,0
The Casagrandes Movie,89,5.6,0
Once Upon a Christmas Wish,90,0.0,0
"Maya, donne-moi un titre",61,0.0,0
Tim Travers & the Time Travelers Paradox,95,0.0,0
UmroAyyar - A New Beginning,135,0.0,0
Inside Out 2,96,7.5,212000
The Yin Yang Master Zero,112,0.0,0
Sun and Moon,163,0.0,0
Enchanting Christmas,91,0.0,0
Witch Hunter,80,0.0,0
Last Song for You,110,0.0,0
Aalan,137,0.0,0
My Oni Girl,112,6.0,1700
Elli and the Ghostly Ghost Train,86,0.0,0
"Die Heinzels: Neue Mützen, Neue Mission",76,0.0,0
The Ballad of Hortensia,94,0.0,0
The Life of Chuck,110,7.7,0
Fuuto PI: Portrait of Kamen Rider Skull,82,0.0,0
Letuchiy korabl,100,0.0,0
Bremenskie muzykanty,115,0.0,0
Spirit World,94,0.0,0
Fidil Ghorm,86,0.0,0
Empire Queen: The Golden Age of Magic,148,0.0,0
Phallacies,101,0.0,0
Hanami,96,0.0,0
Damsel,110,6.1,108000
Zak & Wowo: The Legend of Lendarys,85,0.0,0
Una ballena,108,0.0,0
Taisu Xilie,100,0.0,0
Gaami,147,6.4,2000
The Epidemic,95,0.0,0
The Sisters,122,0.0,0
White Cobra Diamond Fox vs the Golden Eye,90,0.0,0
Vertical,111,0.0,0
Dr. Sander's Sleep Cure,98,0.0,0
The Watchers,102,5.7,56000
King Baby,88,0.0,0
Oshi no Ko: The Final Act,129,0.0,0
We Work for the Dead,84,0.0,0
Seven Seas Seven Hills,90,0.0,0
River of Ghosts,102,0.0,0
Mayan,113,0.0,0
War of the Ninja Monsters: Jaron vs Goura,55,0.0,0
The Time Travel Hills,82,0.0,0
Dead Dead Demon's Dededede Destruction,120,0.0,0
My Future You,109,8.5,0
The Crow,111,4.7,33000
Nyctophobia,90,0.0,0
My Redneck Neighbor: Chapter 2 - Let the Games Begin,55,0.0,0
The Heartsmith,95,0.0,0
Bodegón con fantasmas,88,0.0,0
The Vord,101,0.0,0
Schirkoa: In Lies We Trust,103,0.0,0
A Song from the Dark,105,0.0,0
All In,103,0.0,0
IF,104,6.4,57000
Don Dukun,98,0.0,0
The Evil Fairy Queen,90,0.0,0
Saint Young Men: Holy Men vs Demon Army,93,0.0,0
The Fisherman,105,0.0,0
Penguin Girl,98,0.0,0
The Woods Are Real,80,0.0,0
Captain Avispa,96,5.8,0
The Worlds Divide,120,0.0,0
Baba Yaga spasaet Novyy god,99,0.0,0
Transformers One,104,7.6,48000
Letters at Christmas,84,3.7,0
Fureru,107,0.0,0
Princesa Adormecida,80,0.0,0
Sureshinteyum Sumalathayudeyum Hridayahariyaya Pranayakatha,138,0.0,0
The Proud Princess,84,0.0,0
SuperKlaus,88,0.0,0
Respati,112,5.8,0
Bhairadevi,134,0.0,0
Hold Me Close,98,7.0,0
Wicked,160,7.5,145000
Red One,123,6.3,138000
Princess Halle and the Jester,71,0.0,0
Vidente por Acidente,93,0.0,0
Universal Groove,74,0.0,0
Videotheque,112,0.0,0
Wonderful Precure! The Movie! Doki Doki Game no Sekai de Daiboken,71,0.0,0
Planet 7693,110,0.0,0
Hakkenden,149,0.0,0
Dragon Ball Z Kai,82,0.0,0
The Traveller,134,0.0,0
Rita,107,0.0,0
Godzilla x Kong: The New Empire,115,6.1,120000
Intercambiadas,97,0.0,0
Spirit Riser,98,0.0,0
Si Juki the Movie: Harta Pulau Monyet,107,6.0,0
Ebenezer: The Traveler,102,0.0,0
"Don't Cry, Butterfly",97,0.0,0
Sunce nikad vise,72,0.0,0
Kajolrekha,156,0.0,0
Turma da Mônica Jovem: Reflexos do Medo,88,0.0,0
Nie Xiaoqian,112,0.0,0
Pechi,110,0.0,0
Ghostbusters: Frozen Empire,115,6.1,92000
Ienai Himitsu,115,0.0,0
Ooru Peru Bhairavakona,133,0.0,0
Askepote,72,0.0,0
The Seductress from Hell,102,0.0,0
Ognivo,105,0.0,0
Maya Puthagam,122,0.0,0
The Gesuidouz,93,0.0,0
Malaikottai Vaaliban,156,0.0,0
Carol,115,8.3,0
Uglies,100,4.7,32000
Vincent,92,0.0,0
The Jester from Transylvania,102,0.0,0
PinkCity: A Psychedelic Meditation,95,0.0,0
Vampire Genesis,105,0.0,0
The Secret of Pin-Up Island,107,0.0,0
Un cuento de pescadores,103,0.0,0
Naag Bhoomi,130,0.0,0
Fragments of Us,49,0.0,0
Into the Mortal World,118,0.0,0
Wedding Diaries,121,0.0,0
Harold and the Purple Crayon,90,5.7,8000
Joachim and the Apocalypse,90,0.0,0
Les tempêtes,84,0.0,0
Double Tuckerr,120,0.0,0
Advent,119,0.0,0
"The Girl, the Hunter & the Firefly",98,0.0,0
Salomé,115,0.0,0
Kung Fu Panda 4,94,6.3,67000
Blue Christmas,79,0.0,0
The Beads,100,0.0,0
Keo=peul-ji-ok,94,0.0,0
Couple in the Woods,65,0.0,0
River Returns,109,0.0,0
Fushigi Dagashiya Zenitendo,103,0.0,0
Mephisto,108,0.0,0
Hiçbir Sey Normal Degil,71,0.0,0
Tokusou Sentai Dekaranger 20th: Fireball Booster,50,0.0,0
Apollon by Day Athena by Night,112,0.0,0
The Garfield Movie,101,5.7,24000
Samaya bolshaya luna,105,0.0,0
Two Breaths,18,0.0,0
Fights Break Sphere 3,81,0.0,0
Snake Skin Beauty,83,0.0,0
Maxxie LaWow: Drag Super-shero,114,0.0,0
The Eye of the Salamander,81,0.0,0
Lilla spöket Laban spökar igen,44,0.0,0
The Umbrella Fairy,95,0.0,0
Domovyonok Kuzya,90,0.0,0
Kalki 2898 AD,180,7.0,66000
Dead Dead Demon's Dededede Destruction Zenpen,120,0.0,0
Soul Traveler (The Feature),96,0.0,0
Yao Shen Ling,93,0.0,0
Chhota Bheem and the Curse of Damyaan,145,0.0,0
Nueva Tierra,123,0.0,0
Sith Wars: Episódio III - Fantasmas Dos Sith,99,0.0,0
Ella,91,0.0,0
Descendants: The Rise of Red,91,4.7,6900
Tara - The Lost Star,90,0.0,0
Traces of Love,105,0.0,0
Spin the Wheel,102,0.0,0
JAPA,110,0.0,0
Cedric & Alysia,84,0.0,0
Demon Host,80,0.0,0
Mother Maker Lover Taker,99,0.0,0
Spellbound,109,5.6,6500
Fenómenos naturales,80,0.0,0
Achilles Curse and the Curse of Treasure,125,0.0,0
Apokrif,64,0.0,0
Vasilisa i khraniteli vremeni,98,0.0,0
The Old Man and the Demon Sword,63,0.0,0
Formula vody,86,0.0,0
Bob a Bobek ve filmu: Na stope Mrkvojeda,80,0.0,0
Domovoy,102,0.0,0
Pushpaka Vimanam,137,0.0,0
Nosferatu,132,7.3,181000
Rebel Moon - Part Two: The Scargiver,122,5.3,59000
Tri bogatyrya. Ni dnya bez podviga,61,0.0,0
Code Duello: From the Tithebanner Saga,61,0.0,0
10/31 Part 4,87,0.0,0
Kuttante Shinigami,112,0.0,0
Woof Woof Daddy,105,0.0,0
Bloodspawn,76,0.0,0
UnichtoZhanna,98,0.0,0
This Is Me... Now,65,4.1,7100
The Journey of Flower,97,0.0,0
Dank Frank,81,0.0,0
Jack Hardy's Guide to Blackjack,90,0.0,0
Sharma & Ambani,104,0.0,0
The End,148,5.5,1600
Supersiostry,90,0.0,0
Self Harm,66,0.0,0
IZLIYORLAR,113,0.0,0
"Fallen Leaves, Broken Lighters",96,7.7,0
Witches of God,73,0.0,0
Darker Than Night,82,0.0,0
Dragon Gate Inn,90,0.0,0
Irish Wish,93,5.2,21000
Our Crazy Love,86,0.0,0
Brush of the God,74,0.0,0
Wonderland,120,0.0,0
Anxious.,95,0.0,0
Painted Skin,80,0.0,0
Black Dragon,99,0.0,0
Iron Nest of the Moon,70,0.0,0
Girl Haunts Boy,100,6.3,2800
Exile: Director's Cut,90,0.0,0
Les Écorchés - Partie 1,110,0.0,0
Wanderer,50,0.0,0
RB&O Live: Alice's Adventures in Wonderland,205,0.0,0
Horse with No Name,72,0.0,0
Princezna na hrásku,80,0.0,0
Casa de Novia,110,0.0,0
Monster Summer,97,5.7,3500
Dark Suns II - Binary Sunset,45,0.0,0
Sinoalice: The Very Last Story,74,0.0,0
I Am Moon,127,0.0,0
Libélula,90,0.0,0
Let's Go! Anpanman: Baikinman and Lulun,64,0.0,0
The Tearsmith,103,5.2,12000
And Through the Portal We Go,83,0.0,0
Reptilians: Serpent Kings and Ancient Rulers,194,0.0,0
Estación Wadley,96,0.0,0
Grown,76,0.0,0
Xiao zi,101,0.0,0
At the Back of the North Wind,63,0.0,0
Nijari,106,0.0,0
Dracu Ra,106,0.0,0
Let the Moon Be My Moon,75,0.0,0
Hagen,139,0.0,0
Napoleon Street,110,0.0,0
Chyortov kamen,105,0.0,0
The Watchers Roblox movie,35,0.0,0
Madness Unplugged,17,0.0,0
Touken Ranbu Kai: Douden Chikashi Haberau Monora,69,0.0,0
Kyle and the Last Emerald 2,15,8.4,0
The American Society of Magical Negroes,104,3.7,12000
Krapiva: Tsvetok smerti,81,6.0,0
The Killer Goldfish,94,0.0,0
Markus Bixby,65,0.0,0
Legend of the Dead,74,0.0,0
Bicho Monstro,75,0.0,0
Nebesko,73,0.0,0
Orion and the Dark,93,6.3,17000
Gato Galactico e o Feitiço do Tempo,85,0.0,0
Velký Pán,73,0.0,0
Qianhe xiansheng,82,0.0,0
LUDA,86,0.0,0
Mortadella,90,0.0,0
Paralokam,101,0.0,0
Lucid Love,71,0.0,0
Journey,70,0.0,0
Flow,85,7.9,62000
The Wonderful Story of Henry Sugar and Three More,88,7.1,6300
Hero Kid,90,0.0,0
The Ghost of Annie Lee,103,0.0,0
Dave Gentic & Headgun,57,0.0,0
PJ,108,0.0,0
Le discours des songes,70,0.0,0
Trident : The Beginning,65,0.0,0
Skazochnyy patrul. Shou prodolzhayetsya,65,7.2,0
Asher and Ruth,63,0.0,0
Diego of the Dead 2,60,0.0,0
Bhool Bhulaiyaa 3,158,0.0,0
"Bryson, the Demon Slayer",59,0.0,0
Línguas de Fogo,69,0.0,0
My genie: secret wishes,90,0.0,0
He's Not Pretty,64,0.0,0
Lost Dolls,110,0.0,0
The Seed,100,0.0,0
Family Pack,94,5.5,8700
Lyrical Protege: Corp World VS Artist World Vol 1,63,0.0,0
Sihirli Ormana Yolculuk,80,0.0,0
Cloud Chamber,114,0.0,0
The Wager,83,0.0,0
The Best Christmas Pageant Ever,99,6.8,6000
Huang Pi: God of Money,82,0.0,0
Steve's World,55,0.0,0
Suseteer: The Movie,100,0.0,0
Pemburu Saka,89,0.0,0
Biography of Meng Po,76,0.0,0
Mr. Squids,66,0.0,0
Justice League: Crisis on Infinite Earths - Part One,93,6.2,8300
Ghouroub,65,0.0,0
The Legend of the Cat Demon,85,0.0,0
Un trago de infierno,90,0.0,0
Kan dao ling hun de na zhi yan shi gong,124,0.0,0
Hero Camp!,76,0.0,0
Justice League: Crisis on Infinite Earths - Part Three,94,6.1,4400
Katu Pootha Malay,72,0.0,0
Platser som var animé för mig,100,0.0,0
Pay Back,60,0.0,0
NJPW SMP: The Movie,50,0.0,0
Saving Bikini Bottom: The Sandy Cheeks Movie,82,3.7,3800
Entre Paris et Leuven,107,0.0,0
The Veyshal Movie,120,0.0,0
Bob's Hops,90,0.0,0
The Wicklow's Witches,45,0.0,0
The Blinkless,59,0.0,0
Cantos Escuros,90,0.0,0
A Grey Night,56,0.0,0
Dear Santa,107,5.4,18000
Young doctor's notes,86,0.0,0
The Eternal Footman,100,0.0,0
Pepperonia,66,0.0,0
The Balconettes,104,0.0,0
Kyle and the Last Emerald,20,5.6,0
Gangsta,64,0.0,0
11.11.18 Soldat Inconnu,78,0.0,0
Na Ratunek Ksiezniczce!,62,0.0,0
Bezumnyy angel Pinokkio,255,0.0,0
The Wizard Prince,59,0.0,0
The Hay Man,74,0.0,0
Thelma the Unicorn,93,5.7,2900
The Moon Asks for Help,96,0.0,0
Incident at Panther Hills: Bigfoot's Return,58,0.0,0
Prologue: Thalassophilia - A Cryptograph in Three Acts,15,0.0,0
Cageling,69,0.0,0
Sonic the Hedgehog 3,110,6.9,53000
Pedro Páramo,130,6.3,2800
The Way We Dream,63,0.0,0
Hanu Man,158,0.0,0
Exsulum,58,0.0,0
Abaixo das Árvores,70,0.0,0
Dragen og de 5 elementer,260,0.0,0
The Process of Change,41,0.0,0
Lerainzer and Fail,124,0.0,0
Buffalo Kids,93,0.0,0
Mystic Odyssey,144,0.0,0
Pita's adventures,62,0.0,0
The Thundermans Return,70,5.0,1800
Hot Frosty,92,5.3,15000
The Sand Castle,98,0.0,0
Seven Cemeteries,84,0.0,0
That Christmas,91,6.8,17000
Woodwalkers,103,0.0,0
The Tiger's Apprentice,84,5.7,2100
Mufasa: The Lion King,118,6.6,48000
Ultraman: Rising,117,6.9,6200
Cinderella's Curse,82,3.3,1300
Timestalker,89,0.0,0
Justice League: Crisis on Infinite Earths - Part Two,94,5.5,5200
Doraemon the Movie: Nobita's Earth Symphony,115,0.0,0
Angels Fallen: Warriors of Peace,103,0.0,0
The Lost Tiger,90,0.0,0
A Dog's Will 2,104,0.0,0
10 Lives,88,5.9,1900
Woody Woodpecker Goes to Camp,100,4.5,2500
Better Man,135,7.6,23000
Cinderella's Revenge,85,0.0,0
Dan Da Dan: First Encounter,83,0.0,0
Mononoke the Movie: The Phantom in the Rain,89,0.0,0
Dragonkeeper,98,5.7,1600
Dalia y el Libro Rojo,107,0.0,0
Warchief,94,2.5,0
Unspeakable: Beyond the Wall of Sleep,90,0.0,0
Alienoid: The Return to the Future,122,0.0,0
Chantal in Fairyland,118,0.0,0
Parthenope,137,6.6,9500
Demon Slayer: Kimetsu No Yaiba - To the Hashira Training,104,7.1,8300
Mars,84,0.0,0
Harry Potter and the Stone,152,0.0,0
200% Wolf,98,6.0,1300
Rebellious,94,0.0,0
The Night Before Christmas in Wonderland,80,6.3,0
Man and Witch: The Dance of a Thousand Steps,94,5.5,0
Devil's Knight,90,0.0,0
Thangalaan,156,0.0,0
A.R.M,150,0.0,0
The Lord of the Rings: The War of the Rohirrim,134,6.3,28000
Panda Bear in Africa,84,0.0,0
Ryan's World the Movie: Titan Universe Adventure,80,0.0,0
Overlord: The Sacred Kingdom,135,7.0,0
Kanguva,152,0.0,0
Niko: Beyond the Northern Lights,86,6.2,0
"Love, Danielle",79,0.0,0
Assassin's Guild,103,0.0,0
Cells at Work!,109,0.0,0
Ghost Cat Anzu,97,0.0,0
Robin and the Hoods,100,0.0,0
